[
 {
   "tag": "CD",
   "description": "Cardinal number",
   "example": "one,two"
 },
 {
   "tag": "JJ",
   "description": "Adjective",
   "example": "big"
 },
 {
   "tag": "JJR",
   "description": "Adj., comparative",
   "example": "bigger"
 },
 {
   "tag": "JJS",
   "description": "Adj., superlative",
   "example": "biggest"
 },
 {
   "tag": "NN",
   "description": "Noun, sing. or mass",
   "example": "dog"
 },
 {
   "tag": "NNP",
   "description": "Proper noun, sing.",
   "example": "Edinburgh"
 },
 {
   "tag": "NNPS",
   "description": "Proper noun, plural",
   "example": "Smiths"
 },
 {
   "tag": "NNS",
   "description": "Noun, plural",
   "example": "dogs"
 },
 {
   "tag": "RB",
   "description": "Adverb",
   "example": "quickly"
 },
 {
   "tag": "UH",
   "description": "Interjection",
   "example": "oh, oops"
 },
 {
   "tag": "VB",
   "description": "verb, base form",
   "example": "eat"
 },
 {
   "tag": "VBD",
   "description": "verb, past tense",
   "example": "ate"
 },
 {
   "tag": "VBG",
   "description": "verb, gerund",
   "example": "eating"
 },
 {
   "tag": "VBN",
   "description": "verb, past part",
   "example": "eaten"
 },
 {
   "tag": "VBP",
   "description": "Verb, present",
   "example": "eat"
 },
 {
   "tag": "VBZ",
   "description": "Verb, present",
   "example": "eats"
 },
 {
   "tag": "PERSON",
   "description": "Verb, present",
   "example": "eats"
 },
 {
   "tag": "ORGANIZATION",
   "description": "Verb, present",
   "example": "eats"
 },
 {
   "tag": "GPE",
   "description": "Verb, present",
   "example": "eats"
 },
 {
   "tag": "LOCATION",
   "description": "Verb, present",
   "example": "eats"
 }
]